{
  "-6": 0.25,
  "-5": 0.2857142857142857,
  "-4": 0.3333333333333333,
  "-3": 0.4,
  "-2": 0.5,
  "-1": 0.6666666666666666,
  "0": 1.0,
  "1": 1.5,
  "2": 2.0,
  "3": 2.5,
  "4": 3.0,
  "5": 3.5,
  "6": 4.0
}